﻿word,word_right,freq,Share,Cumulative_Share
let us know,let us know,26,4.326123128,4.326123128
happy mother day,happy mother day,19,3.161397671,7.487520799
happy new year,happy new year,15,2.495840266,9.983361065
happy mothers day,happy mothers day,12,1.996672213,11.98003328
looking forward seeing,looking forward seeing,9,1.49750416,13.47753744
new york times,new york times,9,1.49750416,14.9750416
come see us,come see us,8,1.331114809,16.30615641
dreams come true,dreams come true,8,1.331114809,17.63727121
good morning everyone,good morning everyone,8,1.331114809,18.96838602
look forward seeing,look forward seeing,8,1.331114809,20.29950083
love love love,love love love,8,1.331114809,21.63061564
cinco de mayo,cinco de mayo,7,1.164725458,22.7953411
happy valentines day,happy valentines day,7,1.164725458,23.96006656
please follow back,please follow back,7,1.164725458,25.12479201
world war ii,world war ii,7,1.164725458,26.28951747
give us call,give us call,6,0.998336106,27.28785358
happy valentine day,happy valentine day,6,0.998336106,28.28618968
just feel like,just feel like,6,0.998336106,29.28452579
just got back,just got back,6,0.998336106,30.2828619
just make sure,just make sure,6,0.998336106,31.281198
keep good work,keep good work,6,0.998336106,32.27953411
makes feel like,makes feel like,6,0.998336106,33.27787022
new years eve,new years eve,6,0.998336106,34.27620632
sounds like good,sounds like good,6,0.998336106,35.27454243
thanks everyone came,thanks everyone came,6,0.998336106,36.27287854
thanks follow hope,thanks follow hope,6,0.998336106,37.27121464
time last night,time last night,6,0.998336106,38.26955075
will let know,will let know,6,0.998336106,39.26788686
another day another,another day another,5,0.831946755,40.09983361
away come back,away come back,5,0.831946755,40.93178037
can follow back,can follow back,5,0.831946755,41.76372712
cant wait till,cant wait till,5,0.831946755,42.59567388
child sexual abuse,child sexual abuse,5,0.831946755,43.42762063
dinner last night,dinner last night,5,0.831946755,44.25956739
dream come true,dream come true,5,0.831946755,45.09151414
everyone go follow,everyone go follow,5,0.831946755,45.9234609
follow follow back,follow follow back,5,0.831946755,46.75540765
good morning happy,good morning happy,5,0.831946755,47.58735441
happy hump day,happy hump day,5,0.831946755,48.41930116
hope great weekend,hope great weekend,5,0.831946755,49.25124792
just let know,just let know,5,0.831946755,50.08319468
let know can,let know can,5,0.831946755,50.91514143
one way another,one way another,5,0.831946755,51.74708819
please feel free,please feel free,5,0.831946755,52.57903494
please let us,please let us,5,0.831946755,53.4109817
thanks following us,thanks following us,5,0.831946755,54.24292845
us know can,us know can,5,0.831946755,55.07487521
want go back,want go back,5,0.831946755,55.90682196
year old boy,year old boy,5,0.831946755,56.73876872
’m pretty sure,’m pretty sure,4,0.665557404,57.40432612
can change life,can change life,4,0.665557404,58.06988353
can just say,can just say,4,0.665557404,58.73544093
come join fun,come join fun,4,0.665557404,59.40099834
every single time,every single time,4,0.665557404,60.06655574
every time get,every time get,4,0.665557404,60.73211314
feel better soon,feel better soon,4,0.665557404,61.39767055
feel like going,feel like going,4,0.665557404,62.06322795
feel like need,feel like need,4,0.665557404,62.72878536
first time ever,first time ever,4,0.665557404,63.39434276
first time since,first time since,4,0.665557404,64.05990017
get job done,get job done,4,0.665557404,64.72545757
getting ready work,getting ready work,4,0.665557404,65.39101498
go back bed,go back bed,4,0.665557404,66.05657238
go long way,go long way,4,0.665557404,66.72212978
good right now,good right now,4,0.665557404,67.38768719
help spread word,help spread word,4,0.665557404,68.05324459
hope everyone great,hope everyone great,4,0.665557404,68.718802
hope everyone wonderful,hope everyone wonderful,4,0.665557404,69.3843594
hope see soon,hope see soon,4,0.665557404,70.04991681
just around corner,just around corner,4,0.665557404,70.71547421
just finished watching,just finished watching,4,0.665557404,71.38103161
just want see,just want see,4,0.665557404,72.04658902
just watching tv,just watching tv,4,0.665557404,72.71214642
last couple years,last couple years,4,0.665557404,73.37770383
last two weeks,last two weeks,4,0.665557404,74.04326123
let just say,let just say,4,0.665557404,74.70881864
let know u,let know u,4,0.665557404,75.37437604
level mp cost,level mp cost,4,0.665557404,76.03993344
like good idea,like good idea,4,0.665557404,76.70549085
like many others,like many others,4,0.665557404,77.37104825
like us facebook,like us facebook,4,0.665557404,78.03660566
long time ago,long time ago,4,0.665557404,78.70216306
look forward tweets,look forward tweets,4,0.665557404,79.36772047
looking forward meeting,looking forward meeting,4,0.665557404,80.03327787
makes want go,makes want go,4,0.665557404,80.69883527
many years ago,many years ago,4,0.665557404,81.36439268
marketwatch press release,marketwatch press release,4,0.665557404,82.02995008
new year everyone,new year everyone,4,0.665557404,82.69550749
new york city,new york city,4,0.665557404,83.36106489
new york ny,new york ny,4,0.665557404,84.0266223
next time come,next time come,4,0.665557404,84.6921797
now just need,now just need,4,0.665557404,85.3577371
one day will,one day will,4,0.665557404,86.02329451
one real life,one real life,4,0.665557404,86.68885191
one time favorite,one time favorite,4,0.665557404,87.35440932
please make sure,please make sure,4,0.665557404,88.01996672
rain go away,rain go away,4,0.665557404,88.68552413
right now lol,right now lol,4,0.665557404,89.35108153
soon stay tuned,soon stay tuned,4,0.665557404,90.01663894
sounds like great,sounds like great,4,0.665557404,90.68219634
spend much time,spend much time,4,0.665557404,91.34775374
things going well,things going well,4,0.665557404,92.01331115
think like man,think like man,4,0.665557404,92.67886855
three times week,three times week,4,0.665557404,93.34442596
time last year,time last year,4,0.665557404,94.00998336
two weeks ago,two weeks ago,4,0.665557404,94.67554077
two years ago,two years ago,4,0.665557404,95.34109817
u know u,u know u,4,0.665557404,96.00665557
us know think,us know think,4,0.665557404,96.67221298
visit wwwradiotagrcomwfuv tag,visit wwwradiotagrcomwfuv tag,4,0.665557404,97.33777038
will keep posted,will keep posted,4,0.665557404,98.00332779
will never able,will never able,4,0.665557404,98.66888519
will never understand,will never understand,4,0.665557404,99.3344426
wwwradiotagrcomwfuv tag song,wwwradiotagrcomwfuv tag song,4,0.665557404,100
